image_path,steering
images/frame_20250227_202536_748273.jpg,0.000000
images/frame_20250227_202539_615236.jpg,0.000000
images/frame_20250227_202539_815428.jpg,0.000000
images/frame_20250227_202539_982061.jpg,0.000000
images/frame_20250227_202540_148178.jpg,0.000000
images/frame_20250227_202540_282190.jpg,0.000000
images/frame_20250227_202540_481272.jpg,0.000000
images/frame_20250227_202540_648986.jpg,0.000000
images/frame_20250227_202540_881576.jpg,0.000000
images/frame_20250227_202541_015151.jpg,0.000000
images/frame_20250227_202541_215089.jpg,0.000000
images/frame_20250227_202541_315365.jpg,0.000000
images/frame_20250227_202541_448830.jpg,0.000000
images/frame_20250227_202541_648446.jpg,0.000000
images/frame_20250227_202541_815135.jpg,0.000000
images/frame_20250227_202542_048092.jpg,0.000000
images/frame_20250227_202542_115141.jpg,0.000000
images/frame_20250227_202542_316320.jpg,0.000000
images/frame_20250227_202542_448755.jpg,0.000000
images/frame_20250227_202542_648479.jpg,0.000000
images/frame_20250227_202542_915003.jpg,0.000000
images/frame_20250227_202542_980910.jpg,0.000000
images/frame_20250227_202543_181066.jpg,0.000000
images/frame_20250227_202543_314427.jpg,0.000000
images/frame_20250227_202543_447644.jpg,0.000000
images/frame_20250227_202543_616656.jpg,0.000000
images/frame_20250227_202543_781371.jpg,0.000000
images/frame_20250227_202544_014561.jpg,0.000000
images/frame_20250227_202544_147847.jpg,0.000000
images/frame_20250227_202544_314807.jpg,0.000000
images/frame_20250227_202544_447757.jpg,0.000000
images/frame_20250227_202544_647753.jpg,0.000000
images/frame_20250227_202544_815247.jpg,0.000000
images/frame_20250227_202544_991528.jpg,0.000000
images/frame_20250227_202545_180814.jpg,0.000000
images/frame_20250227_202545_347396.jpg,0.000000
images/frame_20250227_202545_513897.jpg,0.000000
images/frame_20250227_202545_647704.jpg,0.000000
images/frame_20250227_202545_848265.jpg,0.000000
images/frame_20250227_202545_982418.jpg,0.000000
images/frame_20250227_202546_147821.jpg,0.000000
images/frame_20250227_202546_314820.jpg,0.000000
images/frame_20250227_202546_547005.jpg,0.000000
images/frame_20250227_202546_714131.jpg,0.000000
images/frame_20250227_202546_881110.jpg,0.000000
images/frame_20250227_202547_080352.jpg,0.000000
images/frame_20250227_202547_214578.jpg,0.000000
images/frame_20250227_202547_382529.jpg,0.000000
images/frame_20250227_202547_613783.jpg,0.000000
images/frame_20250227_202547_714364.jpg,0.000000
images/frame_20250227_202547_880022.jpg,0.000000
images/frame_20250227_202548_047253.jpg,0.000000
images/frame_20250227_202548_247408.jpg,0.000000
images/frame_20250227_202548_414052.jpg,0.000000
images/frame_20250227_202548_580224.jpg,0.000000
images/frame_20250227_202548_713890.jpg,0.000000
images/frame_20250227_202548_844778.jpg,0.000000
images/frame_20250227_202549_011553.jpg,0.000000
images/frame_20250227_202549_180459.jpg,0.000000
images/frame_20250227_202549_380224.jpg,0.000000
images/frame_20250227_202549_546978.jpg,0.000000
images/frame_20250227_202549_713486.jpg,0.000000
images/frame_20250227_202549_880053.jpg,0.000000
images/frame_20250227_202550_046578.jpg,0.000000
images/frame_20250227_202550_179316.jpg,0.000000
images/frame_20250227_202550_379842.jpg,0.000000
images/frame_20250227_202550_579483.jpg,0.000000
images/frame_20250227_202550_748801.jpg,0.000000
images/frame_20250227_202550_946422.jpg,0.000000
images/frame_20250227_202551_078461.jpg,0.000000
images/frame_20250227_202551_244311.jpg,0.000000
images/frame_20250227_202551_412732.jpg,0.000000
images/frame_20250227_202551_580045.jpg,0.000000
images/frame_20250227_202551_713082.jpg,0.000000
images/frame_20250227_202551_945363.jpg,0.000000
images/frame_20250227_202554_112723.jpg,0.100000
images/frame_20250227_202554_377830.jpg,0.100000
images/frame_20250227_202555_012538.jpg,0.100000
images/frame_20250227_202556_545688.jpg,0.100000
images/frame_20250227_202556_912117.jpg,0.100000
images/frame_20250227_202557_145662.jpg,0.100000
images/frame_20250227_202557_345020.jpg,0.100000
images/frame_20250227_202557_512355.jpg,0.100000
images/frame_20250227_202557_678543.jpg,0.100000
images/frame_20250227_202557_844414.jpg,0.100000
images/frame_20250227_202558_044892.jpg,0.100000
images/frame_20250227_202558_212161.jpg,0.100000
images/frame_20250227_202558_345021.jpg,0.100000
images/frame_20250227_202558_478232.jpg,0.100000
images/frame_20250227_202558_678478.jpg,0.100000
images/frame_20250227_202558_845111.jpg,0.100000
images/frame_20250227_202559_011413.jpg,0.100000
images/frame_20250227_202559_144677.jpg,0.100000
images/frame_20250227_202600_744850.jpg,0.300000
images/frame_20250227_202601_044542.jpg,0.300000
images/frame_20250227_202601_244509.jpg,0.300000
images/frame_20250227_202601_378055.jpg,0.300000
images/frame_20250227_202601_544184.jpg,0.300000
images/frame_20250227_202601_711599.jpg,0.300000
images/frame_20250227_202601_877195.jpg,0.300000
images/frame_20250227_202601_977870.jpg,0.300000
images/frame_20250227_202602_177693.jpg,0.300000
images/frame_20250227_202602_311405.jpg,0.300000
images/frame_20250227_202602_479804.jpg,0.300000
images/frame_20250227_202602_644237.jpg,0.300000
images/frame_20250227_202605_443966.jpg,0.500000
images/frame_20250227_202605_743991.jpg,0.500000
images/frame_20250227_202605_944853.jpg,0.500000
images/frame_20250227_202606_109287.jpg,0.500000
images/frame_20250227_202606_276432.jpg,0.500000
images/frame_20250227_202606_444079.jpg,0.500000
images/frame_20250227_202606_576425.jpg,0.500000
images/frame_20250227_202606_709946.jpg,0.500000
images/frame_20250227_202606_909754.jpg,0.500000
images/frame_20250227_202607_076578.jpg,0.500000
images/frame_20250227_202607_210184.jpg,0.500000
images/frame_20250227_202607_377034.jpg,0.500000
images/frame_20250227_202607_477070.jpg,0.500000
images/frame_20250227_202609_842920.jpg,0.700000
images/frame_20250227_202610_209863.jpg,0.700000
images/frame_20250227_202610_576070.jpg,0.700000
images/frame_20250227_202615_608414.jpg,0.700000
images/frame_20250227_202615_841069.jpg,0.700000
images/frame_20250227_202616_041151.jpg,0.700000
images/frame_20250227_202616_208416.jpg,0.700000
images/frame_20250227_202616_408216.jpg,0.700000
images/frame_20250227_202616_542040.jpg,0.700000
images/frame_20250227_202616_708679.jpg,0.700000
images/frame_20250227_202616_874993.jpg,0.700000
images/frame_20250227_202617_041187.jpg,0.700000
images/frame_20250227_202617_175018.jpg,0.700000
images/frame_20250227_202617_408574.jpg,0.700000
images/frame_20250227_202617_541666.jpg,0.700000
images/frame_20250227_202617_741634.jpg,0.700000
images/frame_20250227_202617_874487.jpg,0.700000
images/frame_20250227_202618_074936.jpg,0.700000
images/frame_20250227_202618_207963.jpg,0.700000
images/frame_20250227_202618_374025.jpg,0.700000
images/frame_20250227_202618_509765.jpg,0.700000
images/frame_20250227_202618_675216.jpg,0.700000
images/frame_20250227_202618_906048.jpg,0.700000
images/frame_20250227_202619_007923.jpg,0.700000
images/frame_20250227_202619_208175.jpg,0.700000
images/frame_20250227_202619_340421.jpg,0.700000
images/frame_20250227_202624_239880.jpg,0.700000
images/frame_20250227_202624_373584.jpg,0.700000
images/frame_20250227_202624_539727.jpg,0.700000
images/frame_20250227_202624_672642.jpg,0.700000
images/frame_20250227_202624_871989.jpg,0.700000
images/frame_20250227_202625_040467.jpg,0.700000
images/frame_20250227_202625_206382.jpg,0.700000
images/frame_20250227_202625_406367.jpg,0.700000
images/frame_20250227_202625_509928.jpg,0.700000
images/frame_20250227_202625_738564.jpg,0.700000
images/frame_20250227_202625_872180.jpg,0.700000
images/frame_20250227_202626_006013.jpg,0.700000
images/frame_20250227_202626_171422.jpg,0.700000
images/frame_20250227_202626_372155.jpg,0.700000
images/frame_20250227_202626_506364.jpg,0.700000
images/frame_20250227_202626_672502.jpg,0.700000
images/frame_20250227_202626_872976.jpg,0.700000
images/frame_20250227_202627_072186.jpg,0.700000
images/frame_20250227_202627_206157.jpg,0.700000
images/frame_20250227_202627_372692.jpg,0.700000
images/frame_20250227_202627_572576.jpg,0.700000
images/frame_20250227_202627_739186.jpg,0.700000
images/frame_20250227_202627_872561.jpg,0.700000
images/frame_20250227_202628_073300.jpg,0.700000
images/frame_20250227_202628_272012.jpg,0.700000
images/frame_20250227_202628_405900.jpg,0.700000
images/frame_20250227_202628_573148.jpg,0.700000
images/frame_20250227_202628_839231.jpg,0.700000
images/frame_20250227_202628_905055.jpg,0.700000
images/frame_20250227_202629_105352.jpg,0.700000
images/frame_20250227_202629_270026.jpg,0.700000
images/frame_20250227_202629_439131.jpg,0.700000
images/frame_20250227_202629_605549.jpg,0.700000
images/frame_20250227_202629_772323.jpg,0.700000
images/frame_20250227_202630_004571.jpg,0.700000
images/frame_20250227_202630_172612.jpg,0.700000
images/frame_20250227_202630_304967.jpg,0.700000
images/frame_20250227_202630_505797.jpg,0.700000
images/frame_20250227_202630_604920.jpg,0.700000
images/frame_20250227_202630_804578.jpg,0.700000
images/frame_20250227_202630_937741.jpg,0.700000
images/frame_20250227_202631_104767.jpg,0.700000
images/frame_20250227_202631_305675.jpg,0.700000
images/frame_20250227_202631_472049.jpg,0.700000
images/frame_20250227_202631_638881.jpg,0.700000
images/frame_20250227_202631_805326.jpg,0.700000
images/frame_20250227_202631_971869.jpg,0.700000
images/frame_20250227_202632_136936.jpg,0.700000
images/frame_20250227_202632_307917.jpg,0.700000
images/frame_20250227_202632_437692.jpg,0.700000
images/frame_20250227_202632_704699.jpg,0.700000
images/frame_20250227_202632_771454.jpg,0.700000
images/frame_20250227_202632_971684.jpg,0.700000
images/frame_20250227_202633_137074.jpg,0.700000
images/frame_20250227_202633_304582.jpg,0.700000
images/frame_20250227_202633_437529.jpg,0.700000
images/frame_20250227_202633_638149.jpg,0.700000
images/frame_20250227_202633_804469.jpg,0.700000
images/frame_20250227_202634_037684.jpg,0.700000
images/frame_20250227_202634_204973.jpg,0.700000
images/frame_20250227_202634_371440.jpg,0.700000
images/frame_20250227_202634_505027.jpg,0.700000
images/frame_20250227_202634_704751.jpg,0.700000
images/frame_20250227_202634_871154.jpg,0.700000
images/frame_20250227_202634_970067.jpg,0.700000
images/frame_20250227_202635_204725.jpg,0.700000
images/frame_20250227_202635_338892.jpg,0.700000
images/frame_20250227_202635_504931.jpg,0.700000
images/frame_20250227_202635_638278.jpg,0.700000
images/frame_20250227_202635_837440.jpg,0.700000
images/frame_20250227_202636_004542.jpg,0.700000
images/frame_20250227_202636_136057.jpg,0.700000
images/frame_20250227_202636_305031.jpg,0.700000
images/frame_20250227_202636_470158.jpg,0.700000
images/frame_20250227_202636_672293.jpg,0.700000
images/frame_20250227_202646_069180.jpg,0.700000
images/frame_20250227_202646_235838.jpg,0.700000
images/frame_20250227_202646_435738.jpg,0.700000
images/frame_20250227_202646_602195.jpg,0.700000
images/frame_20250227_202646_802100.jpg,0.700000
images/frame_20250227_202646_935863.jpg,0.700000
images/frame_20250227_202647_102234.jpg,0.700000
images/frame_20250227_202647_268578.jpg,0.700000
images/frame_20250227_202647_468463.jpg,0.700000
images/frame_20250227_202647_635905.jpg,0.700000
images/frame_20250227_202647_802157.jpg,0.700000
images/frame_20250227_202647_968532.jpg,0.700000
images/frame_20250227_202648_135115.jpg,0.700000
images/frame_20250227_202648_300778.jpg,0.700000
images/frame_20250227_202648_471823.jpg,0.700000
images/frame_20250227_202648_668704.jpg,0.700000
images/frame_20250227_202648_801434.jpg,0.700000
images/frame_20250227_202649_035259.jpg,0.700000
images/frame_20250227_202649_135289.jpg,0.700000
images/frame_20250227_202649_301380.jpg,0.700000
images/frame_20250227_202649_469018.jpg,0.700000
images/frame_20250227_202649_635453.jpg,0.700000
images/frame_20250227_202649_868484.jpg,0.700000
images/frame_20250227_202650_001760.jpg,0.700000
images/frame_20250227_202650_101667.jpg,0.700000
images/frame_20250227_202653_501032.jpg,0.700000
images/frame_20250227_202653_668316.jpg,0.700000
images/frame_20250227_202653_800733.jpg,0.700000
images/frame_20250227_202655_600391.jpg,0.300000
images/frame_20250227_202655_734214.jpg,0.300000
images/frame_20250227_202655_933135.jpg,0.300000
images/frame_20250227_202656_067177.jpg,0.300000
images/frame_20250227_202656_200144.jpg,0.300000
images/frame_20250227_202656_366299.jpg,0.300000
images/frame_20250227_202656_566962.jpg,0.300000
images/frame_20250227_202656_666589.jpg,0.300000
images/frame_20250227_202658_299987.jpg,-0.100000
images/frame_20250227_202658_500200.jpg,-0.100000
images/frame_20250227_202658_635411.jpg,-0.100000
images/frame_20250227_202658_933253.jpg,-0.100000
images/frame_20250227_202659_099585.jpg,-0.100000
images/frame_20250227_202659_299813.jpg,-0.100000
images/frame_20250227_202659_433553.jpg,-0.100000
images/frame_20250227_202659_600317.jpg,-0.100000
images/frame_20250227_202659_800122.jpg,-0.100000
images/frame_20250227_202659_935298.jpg,-0.100000
images/frame_20250227_202700_100002.jpg,-0.100000
images/frame_20250227_202700_199609.jpg,-0.100000
images/frame_20250227_202700_399387.jpg,-0.100000
images/frame_20250227_202700_533317.jpg,-0.100000
images/frame_20250227_202700_733060.jpg,-0.100000
images/frame_20250227_202700_866280.jpg,-0.100000
images/frame_20250227_202701_031854.jpg,-0.100000
images/frame_20250227_202701_199539.jpg,-0.100000
images/frame_20250227_202701_333765.jpg,-0.100000
images/frame_20250227_202701_532688.jpg,-0.100000
images/frame_20250227_202701_632242.jpg,-0.100000
images/frame_20250227_202703_532054.jpg,0.000000
images/frame_20250227_202703_732179.jpg,0.000000
images/frame_20250227_202703_899817.jpg,0.000000
images/frame_20250227_202704_065650.jpg,0.000000
images/frame_20250227_202704_232237.jpg,0.000000
images/frame_20250227_202704_365501.jpg,0.000000
images/frame_20250227_202704_565409.jpg,0.000000
images/frame_20250227_202704_732456.jpg,0.000000
images/frame_20250227_202704_898920.jpg,0.000000
images/frame_20250227_202705_131929.jpg,0.000000
images/frame_20250227_202705_231956.jpg,0.000000
images/frame_20250227_202705_465658.jpg,0.000000
images/frame_20250227_202705_564973.jpg,0.000000
images/frame_20250227_202705_765284.jpg,0.000000
images/frame_20250227_202705_932132.jpg,0.000000
images/frame_20250227_202706_065245.jpg,0.000000
images/frame_20250227_202706_231526.jpg,0.000000
images/frame_20250227_202706_397918.jpg,0.000000
images/frame_20250227_202706_564662.jpg,0.000000
images/frame_20250227_202706_764835.jpg,0.000000
images/frame_20250227_202706_899008.jpg,0.000000
images/frame_20250227_202707_097718.jpg,0.000000
images/frame_20250227_202707_232132.jpg,0.000000
images/frame_20250227_202707_364016.jpg,0.000000
images/frame_20250227_202710_396506.jpg,0.000000
images/frame_20250227_202710_597469.jpg,0.000000
images/frame_20250227_202710_797754.jpg,0.000000
images/frame_20250227_202710_964179.jpg,0.000000
images/frame_20250227_202711_163732.jpg,0.000000
images/frame_20250227_202711_364884.jpg,0.000000
images/frame_20250227_202711_498481.jpg,0.000000
images/frame_20250227_202711_630387.jpg,0.000000
images/frame_20250227_202711_863188.jpg,0.000000
images/frame_20250227_202711_964208.jpg,0.000000
images/frame_20250227_202712_129302.jpg,0.000000
images/frame_20250227_202712_328850.jpg,0.000000
images/frame_20250227_202712_430498.jpg,0.000000
images/frame_20250227_202712_629311.jpg,0.000000
images/frame_20250227_202712_763690.jpg,0.000000
images/frame_20250227_202712_897398.jpg,0.000000
images/frame_20250227_202713_130386.jpg,0.000000
images/frame_20250227_202713_296626.jpg,0.000000
images/frame_20250227_202713_395794.jpg,0.000000
images/frame_20250227_202713_597182.jpg,0.000000
images/frame_20250227_202713_697103.jpg,0.000000
images/frame_20250227_202713_897287.jpg,0.000000
images/frame_20250227_202714_063250.jpg,0.000000
images/frame_20250227_202714_196810.jpg,0.000000
images/frame_20250227_202717_296359.jpg,0.000000
images/frame_20250227_202723_361773.jpg,0.600000
images/frame_20250227_202723_694920.jpg,0.600000
images/frame_20250227_202723_961456.jpg,0.600000
images/frame_20250227_202724_228384.jpg,0.600000
images/frame_20250227_202724_460954.jpg,0.600000
images/frame_20250227_202724_660410.jpg,0.600000
images/frame_20250227_202724_893955.jpg,0.600000
images/frame_20250227_202725_060596.jpg,0.600000
images/frame_20250227_202725_293382.jpg,0.600000
images/frame_20250227_202725_427970.jpg,0.600000
images/frame_20250227_202725_594584.jpg,0.600000
images/frame_20250227_202725_861332.jpg,0.600000
images/frame_20250227_202725_927820.jpg,0.600000
images/frame_20250227_202726_129333.jpg,0.600000
images/frame_20250227_202726_394328.jpg,0.600000
images/frame_20250227_202726_527603.jpg,0.600000
images/frame_20250227_202726_729347.jpg,0.600000
images/frame_20250227_202726_861138.jpg,0.600000
images/frame_20250227_202727_060388.jpg,0.600000
images/frame_20250227_202727_227524.jpg,0.600000
images/frame_20250227_202727_460442.jpg,0.600000
images/frame_20250227_202727_594292.jpg,0.600000
images/frame_20250227_202727_794275.jpg,0.600000
images/frame_20250227_202727_960489.jpg,0.600000
images/frame_20250227_202728_127502.jpg,0.600000
images/frame_20250227_202728_362857.jpg,0.600000
images/frame_20250227_202728_527617.jpg,0.600000
images/frame_20250227_202728_659969.jpg,0.600000
images/frame_20250227_202730_959959.jpg,0.800000
images/frame_20250227_202731_193706.jpg,0.800000
images/frame_20250227_202731_426514.jpg,0.800000
images/frame_20250227_202731_560447.jpg,0.800000
images/frame_20250227_202731_695371.jpg,0.800000
images/frame_20250227_202731_926377.jpg,0.800000
images/frame_20250227_202732_059957.jpg,0.800000
images/frame_20250227_202732_226913.jpg,0.800000
images/frame_20250227_202732_459713.jpg,0.800000
images/frame_20250227_202732_592779.jpg,0.800000
images/frame_20250227_202732_792680.jpg,0.800000
images/frame_20250227_202732_959557.jpg,0.800000
images/frame_20250227_202733_159195.jpg,0.800000
images/frame_20250227_202733_360320.jpg,0.800000
images/frame_20250227_202733_526594.jpg,0.800000
images/frame_20250227_202733_691403.jpg,0.800000
images/frame_20250227_202733_859610.jpg,0.800000
images/frame_20250227_202734_059682.jpg,0.800000
images/frame_20250227_202734_192803.jpg,0.800000
images/frame_20250227_202734_359351.jpg,0.800000
images/frame_20250227_202734_528086.jpg,0.800000
images/frame_20250227_202734_693204.jpg,0.800000
images/frame_20250227_202734_892658.jpg,0.800000
images/frame_20250227_202735_093169.jpg,0.800000
images/frame_20250227_202735_227873.jpg,0.800000
images/frame_20250227_202742_791470.jpg,0.800000
images/frame_20250227_202742_991053.jpg,0.800000
images/frame_20250227_202743_126171.jpg,0.800000
images/frame_20250227_202743_357592.jpg,0.800000
images/frame_20250227_202743_491217.jpg,0.800000
images/frame_20250227_202743_626532.jpg,0.800000
images/frame_20250227_202743_824559.jpg,0.800000
images/frame_20250227_202743_988780.jpg,0.800000
images/frame_20250227_202744_157861.jpg,0.800000
images/frame_20250227_202744_288941.jpg,0.800000
images/frame_20250227_202744_490142.jpg,0.800000
images/frame_20250227_202744_657158.jpg,0.800000
images/frame_20250227_202744_756833.jpg,0.800000
images/frame_20250227_202744_990928.jpg,0.800000
images/frame_20250227_202745_124979.jpg,0.800000
images/frame_20250227_202745_290594.jpg,0.800000
images/frame_20250227_202745_422315.jpg,0.800000
images/frame_20250227_202745_623235.jpg,0.800000
images/frame_20250227_202745_790871.jpg,0.800000
images/frame_20250227_202745_990154.jpg,0.800000
images/frame_20250227_202746_090529.jpg,0.800000
images/frame_20250227_202746_289990.jpg,0.800000
images/frame_20250227_202746_456694.jpg,0.800000
images/frame_20250227_202746_690304.jpg,0.800000
images/frame_20250227_202746_757168.jpg,0.800000
images/frame_20250227_202746_923551.jpg,0.800000
images/frame_20250227_202747_090112.jpg,0.800000
images/frame_20250227_202747_223952.jpg,0.800000
images/frame_20250227_202747_423369.jpg,0.800000
images/frame_20250227_202747_623206.jpg,0.800000
images/frame_20250227_202747_756227.jpg,0.800000
images/frame_20250227_202747_922777.jpg,0.800000
images/frame_20250227_202748_090167.jpg,0.800000
images/frame_20250227_202748_225218.jpg,0.800000
images/frame_20250227_202748_456459.jpg,0.800000
images/frame_20250227_202748_556835.jpg,0.800000
images/frame_20250227_202748_723439.jpg,0.800000
images/frame_20250227_202748_956869.jpg,0.800000
images/frame_20250227_202749_055541.jpg,0.800000
images/frame_20250227_202749_223498.jpg,0.800000
images/frame_20250227_202749_388910.jpg,0.800000
images/frame_20250227_202749_556689.jpg,0.800000
images/frame_20250227_202749_756202.jpg,0.800000
images/frame_20250227_202749_889653.jpg,0.800000
images/frame_20250227_202750_056783.jpg,0.800000
images/frame_20250227_202750_257102.jpg,0.800000
images/frame_20250227_202750_388828.jpg,0.800000
images/frame_20250227_202750_589488.jpg,0.800000
images/frame_20250227_202750_789520.jpg,0.800000
images/frame_20250227_202750_956167.jpg,0.800000
images/frame_20250227_202751_056235.jpg,0.800000
images/frame_20250227_202751_322818.jpg,0.800000
images/frame_20250227_202751_389530.jpg,0.800000
images/frame_20250227_202751_623193.jpg,0.800000
images/frame_20250227_202751_755977.jpg,0.800000
images/frame_20250227_202751_889125.jpg,0.800000
images/frame_20250227_202752_155451.jpg,0.800000
images/frame_20250227_202752_222867.jpg,0.800000
images/frame_20250227_202752_422800.jpg,0.800000
images/frame_20250227_202752_555772.jpg,0.800000
images/frame_20250227_202752_922082.jpg,0.800000
images/frame_20250227_202753_089395.jpg,0.800000
images/frame_20250227_202753_256293.jpg,0.800000
images/frame_20250227_202753_422525.jpg,0.800000
images/frame_20250227_202753_622315.jpg,0.800000
images/frame_20250227_202753_758183.jpg,0.800000
images/frame_20250227_202754_188415.jpg,0.800000
images/frame_20250227_202754_421834.jpg,0.800000
images/frame_20250227_202754_722047.jpg,0.800000
images/frame_20250227_202754_889042.jpg,0.800000
images/frame_20250227_202755_054827.jpg,0.800000
images/frame_20250227_202755_189011.jpg,0.800000
images/frame_20250227_202755_355391.jpg,0.800000
images/frame_20250227_202755_522413.jpg,0.800000
images/frame_20250227_202755_722508.jpg,0.800000
images/frame_20250227_202755_855167.jpg,0.800000
images/frame_20250227_202756_022205.jpg,0.800000
images/frame_20250227_202756_188975.jpg,0.800000
images/frame_20250227_202756_353632.jpg,0.800000
images/frame_20250227_202756_522060.jpg,0.800000
images/frame_20250227_202756_720566.jpg,0.800000
images/frame_20250227_202756_855209.jpg,0.800000
images/frame_20250227_202757_021378.jpg,0.800000
images/frame_20250227_202757_223759.jpg,0.800000
images/frame_20250227_202757_388311.jpg,0.800000
images/frame_20250227_202757_555006.jpg,0.800000
images/frame_20250227_202757_688109.jpg,0.800000
images/frame_20250227_202757_888510.jpg,0.800000
images/frame_20250227_202758_088083.jpg,0.800000
images/frame_20250227_202758_255171.jpg,0.800000
images/frame_20250227_202758_354566.jpg,0.800000
images/frame_20250227_202758_554885.jpg,0.800000
images/frame_20250227_202758_722310.jpg,0.800000
images/frame_20250227_202758_888375.jpg,0.800000
images/frame_20250227_202802_387523.jpg,0.800000
images/frame_20250227_202802_553744.jpg,0.800000
images/frame_20250227_202802_753829.jpg,0.800000
images/frame_20250227_202802_987555.jpg,0.800000
images/frame_20250227_202803_120446.jpg,0.800000
images/frame_20250227_202803_253839.jpg,0.800000
images/frame_20250227_202803_419982.jpg,0.800000
images/frame_20250227_202805_119251.jpg,0.400000
images/frame_20250227_202805_319030.jpg,0.400000
images/frame_20250227_202805_487837.jpg,0.400000
images/frame_20250227_202805_586537.jpg,0.400000
images/frame_20250227_202805_786784.jpg,0.400000
images/frame_20250227_202805_920315.jpg,0.400000
images/frame_20250227_202807_320540.jpg,0.100000
images/frame_20250227_202807_484275.jpg,0.100000
images/frame_20250227_202807_685869.jpg,0.100000
images/frame_20250227_202807_853242.jpg,0.100000
images/frame_20250227_202808_019725.jpg,0.100000
images/frame_20250227_202808_188337.jpg,0.100000
images/frame_20250227_202808_351562.jpg,0.100000
images/frame_20250227_202808_552516.jpg,0.100000
images/frame_20250227_202808_685771.jpg,0.100000
images/frame_20250227_202808_985975.jpg,0.100000
images/frame_20250227_202809_185173.jpg,0.100000
images/frame_20250227_202809_352393.jpg,0.100000
images/frame_20250227_202809_517664.jpg,0.100000
images/frame_20250227_202809_652506.jpg,0.100000
images/frame_20250227_202810_318799.jpg,0.100000
images/frame_20250227_202819_351270.jpg,0.000000
images/frame_20250227_202819_452918.jpg,0.000000
images/frame_20250227_202821_516776.jpg,0.000000
images/frame_20250227_202821_649494.jpg,0.000000
images/frame_20250227_202821_885012.jpg,0.000000
images/frame_20250227_202822_083681.jpg,0.000000
images/frame_20250227_202822_216619.jpg,0.000000
images/frame_20250227_202822_417230.jpg,0.000000
images/frame_20250227_202822_548942.jpg,0.000000
images/frame_20250227_202822_749493.jpg,0.000000
images/frame_20250227_202822_949515.jpg,0.000000
images/frame_20250227_202823_249468.jpg,0.000000
images/frame_20250227_202823_316162.jpg,0.000000
images/frame_20250227_202823_483761.jpg,0.000000
images/frame_20250227_202823_583210.jpg,0.000000
images/frame_20250227_202823_816266.jpg,0.000000
images/frame_20250227_202823_881281.jpg,0.000000
images/frame_20250227_202824_082918.jpg,0.000000
images/frame_20250227_202824_249750.jpg,0.000000
images/frame_20250227_202824_449550.jpg,0.000000
images/frame_20250227_202824_648772.jpg,0.000000
images/frame_20250227_202824_749783.jpg,0.000000
images/frame_20250227_202824_949054.jpg,0.000000
images/frame_20250227_202825_082448.jpg,0.000000
images/frame_20250227_202825_249453.jpg,0.000000
images/frame_20250227_202825_416302.jpg,0.000000
images/frame_20250227_202825_615718.jpg,0.000000
images/frame_20250227_202825_916110.jpg,0.000000
images/frame_20250227_202826_116297.jpg,0.000000
images/frame_20250227_202831_548824.jpg,0.000000
images/frame_20250227_202831_748547.jpg,0.000000
images/frame_20250227_202831_915050.jpg,0.000000
images/frame_20250227_202832_081758.jpg,0.000000
images/frame_20250227_202832_281026.jpg,0.000000
images/frame_20250227_202832_415085.jpg,0.000000
images/frame_20250227_202832_581260.jpg,0.000000
images/frame_20250227_202832_781307.jpg,0.000000
images/frame_20250227_202832_949129.jpg,0.000000
images/frame_20250227_202833_080913.jpg,0.000000
images/frame_20250227_202833_247359.jpg,0.000000
images/frame_20250227_202833_380352.jpg,0.000000
images/frame_20250227_202833_548033.jpg,0.000000
images/frame_20250227_202836_213918.jpg,0.200000
images/frame_20250227_202836_514026.jpg,0.200000
images/frame_20250227_202836_747356.jpg,0.200000
images/frame_20250227_202836_914067.jpg,0.200000
images/frame_20250227_202837_113754.jpg,0.200000
images/frame_20250227_202837_280146.jpg,0.200000
images/frame_20250227_202839_746941.jpg,0.600000
images/frame_20250227_202840_012686.jpg,0.600000
images/frame_20250227_202841_113018.jpg,0.700000
images/frame_20250227_202841_346269.jpg,0.700000
images/frame_20250227_202841_546326.jpg,0.700000
images/frame_20250227_202841_813015.jpg,0.700000
images/frame_20250227_202841_978167.jpg,0.700000
images/frame_20250227_202842_212296.jpg,0.700000
images/frame_20250227_202842_446360.jpg,0.700000
images/frame_20250227_202842_612789.jpg,0.700000
images/frame_20250227_202842_912831.jpg,0.700000
images/frame_20250227_202843_112639.jpg,0.700000
images/frame_20250227_202843_245933.jpg,0.700000
images/frame_20250227_202843_479840.jpg,0.700000
images/frame_20250227_202843_712555.jpg,0.700000
images/frame_20250227_202843_846131.jpg,0.700000
images/frame_20250227_202844_047229.jpg,0.700000
images/frame_20250227_202844_245543.jpg,0.700000
images/frame_20250227_202844_379022.jpg,0.700000
images/frame_20250227_202846_111784.jpg,0.500000
images/frame_20250227_202846_478824.jpg,0.500000
images/frame_20250227_202846_712205.jpg,0.500000
images/frame_20250227_202846_845417.jpg,0.500000
images/frame_20250227_202849_111925.jpg,0.200000
images/frame_20250227_202849_278140.jpg,0.200000
images/frame_20250227_202849_478017.jpg,0.200000
images/frame_20250227_202849_644884.jpg,0.200000
images/frame_20250227_202849_844376.jpg,0.200000
images/frame_20250227_202852_677412.jpg,0.700000
images/frame_20250227_202852_910462.jpg,0.700000
images/frame_20250227_202853_143763.jpg,0.700000
images/frame_20250227_202853_277589.jpg,0.700000
images/frame_20250227_202853_510271.jpg,0.700000
images/frame_20250227_202853_643982.jpg,0.700000
images/frame_20250227_202853_876699.jpg,0.700000
images/frame_20250227_202854_044223.jpg,0.700000
images/frame_20250227_202854_176173.jpg,0.700000
images/frame_20250227_202854_377895.jpg,0.700000
images/frame_20250227_202854_576682.jpg,0.700000
images/frame_20250227_202854_743865.jpg,0.700000
images/frame_20250227_202854_879342.jpg,0.700000
images/frame_20250227_202855_010286.jpg,0.700000
images/frame_20250227_202859_509553.jpg,0.200000
images/frame_20250227_202859_609971.jpg,0.200000
images/frame_20250227_202859_809266.jpg,0.200000
images/frame_20250227_202859_975394.jpg,0.200000
images/frame_20250227_202900_176051.jpg,0.200000
images/frame_20250227_202902_842248.jpg,0.800000
images/frame_20250227_202903_008473.jpg,0.800000
images/frame_20250227_202903_175287.jpg,0.800000
images/frame_20250227_202903_341788.jpg,0.800000
images/frame_20250227_202903_641859.jpg,0.800000
images/frame_20250227_202903_708264.jpg,0.800000
images/frame_20250227_202903_875447.jpg,0.800000
images/frame_20250227_202904_042786.jpg,0.800000
images/frame_20250227_202904_208533.jpg,0.800000
images/frame_20250227_202904_408475.jpg,0.800000
images/frame_20250227_202904_576464.jpg,0.800000
images/frame_20250227_202904_741630.jpg,0.800000
images/frame_20250227_202904_908459.jpg,0.800000
images/frame_20250227_202905_073125.jpg,0.800000
images/frame_20250227_202905_242151.jpg,0.800000
images/frame_20250227_202906_607292.jpg,0.500000
images/frame_20250227_202906_807606.jpg,0.500000
images/frame_20250227_202906_941532.jpg,0.500000
images/frame_20250227_202907_107654.jpg,0.500000
images/frame_20250227_202907_273569.jpg,0.500000
images/frame_20250227_202907_507811.jpg,0.500000
images/frame_20250227_202909_240789.jpg,1.000000
images/frame_20250227_202909_440676.jpg,1.000000
images/frame_20250227_202909_574268.jpg,1.000000
images/frame_20250227_202909_773541.jpg,1.000000
images/frame_20250227_202909_907737.jpg,1.000000
images/frame_20250227_202910_073925.jpg,1.000000
images/frame_20250227_202911_607072.jpg,0.700000
images/frame_20250227_202911_806839.jpg,0.700000
images/frame_20250227_202911_972855.jpg,0.700000
images/frame_20250227_202912_172827.jpg,0.700000
images/frame_20250227_202912_307105.jpg,0.700000
images/frame_20250227_202912_473722.jpg,0.700000
images/frame_20250227_202912_640103.jpg,0.700000
images/frame_20250227_202912_806822.jpg,0.700000
images/frame_20250227_202912_973300.jpg,0.700000
images/frame_20250227_202913_172997.jpg,0.700000
images/frame_20250227_202913_272702.jpg,0.700000
images/frame_20250227_202914_704922.jpg,0.400000
images/frame_20250227_202914_973614.jpg,0.400000
images/frame_20250227_202915_139776.jpg,0.400000
images/frame_20250227_202915_305779.jpg,0.400000
images/frame_20250227_202915_505276.jpg,0.400000
images/frame_20250227_202915_705801.jpg,0.400000
images/frame_20250227_202915_839531.jpg,0.400000
images/frame_20250227_202916_039825.jpg,0.400000
images/frame_20250227_202919_105711.jpg,1.000000
images/frame_20250227_202919_271924.jpg,1.000000
images/frame_20250227_202919_439386.jpg,1.000000
images/frame_20250227_202919_605859.jpg,1.000000
images/frame_20250227_202919_771438.jpg,1.000000
images/frame_20250227_202919_938557.jpg,1.000000
images/frame_20250227_202920_104655.jpg,1.000000
images/frame_20250227_202920_271526.jpg,1.000000
images/frame_20250227_202920_471891.jpg,1.000000
images/frame_20250227_202920_605863.jpg,1.000000
images/frame_20250227_202920_736362.jpg,1.000000
images/frame_20250227_202920_936976.jpg,1.000000
images/frame_20250227_202921_105244.jpg,1.000000
images/frame_20250227_202921_271999.jpg,1.000000
images/frame_20250227_202921_437978.jpg,1.000000
images/frame_20250227_202921_571469.jpg,1.000000
images/frame_20250227_202924_736195.jpg,0.300000
images/frame_20250227_202924_938856.jpg,0.300000
images/frame_20250227_202925_137452.jpg,0.300000
images/frame_20250227_202925_237468.jpg,0.300000
images/frame_20250227_202925_404224.jpg,0.300000
images/frame_20250227_202925_604523.jpg,0.300000
images/frame_20250227_202925_737983.jpg,0.300000
images/frame_20250227_202925_937796.jpg,0.300000
images/frame_20250227_202926_103983.jpg,0.300000
images/frame_20250227_202926_239440.jpg,0.300000
images/frame_20250227_202926_403209.jpg,0.300000
images/frame_20250227_202931_671143.jpg,0.800000
images/frame_20250227_202932_236645.jpg,0.800000
images/frame_20250227_202932_372134.jpg,0.800000
images/frame_20250227_202932_533752.jpg,0.800000
images/frame_20250227_202932_703432.jpg,0.800000
images/frame_20250227_202932_835921.jpg,0.800000
images/frame_20250227_202933_036073.jpg,0.800000
images/frame_20250227_202933_203196.jpg,0.800000
images/frame_20250227_202933_402424.jpg,0.800000
images/frame_20250227_202933_571592.jpg,0.800000
images/frame_20250227_202933_702591.jpg,0.800000
images/frame_20250227_202933_871189.jpg,0.800000
images/frame_20250227_202934_068726.jpg,0.800000
images/frame_20250227_202934_235821.jpg,0.800000
images/frame_20250227_202934_437113.jpg,0.800000
images/frame_20250227_202934_568581.jpg,0.800000
images/frame_20250227_202934_701834.jpg,0.800000
images/frame_20250227_202934_902318.jpg,0.800000
images/frame_20250227_202935_035801.jpg,0.800000
images/frame_20250227_202935_237590.jpg,0.800000
images/frame_20250227_202935_435570.jpg,0.800000
images/frame_20250227_202935_602404.jpg,0.800000
images/frame_20250227_202935_735511.jpg,0.800000
images/frame_20250227_202935_935414.jpg,0.800000
images/frame_20250227_202936_069094.jpg,0.800000
images/frame_20250227_202936_302610.jpg,0.800000
images/frame_20250227_202936_402165.jpg,0.800000
images/frame_20250227_202936_601575.jpg,0.800000
images/frame_20250227_202936_768311.jpg,0.800000
images/frame_20250227_202936_968684.jpg,0.800000
images/frame_20250227_202937_136251.jpg,0.800000
images/frame_20250227_202937_268324.jpg,0.800000
images/frame_20250227_202937_434720.jpg,0.800000
images/frame_20250227_202937_601620.jpg,0.800000
images/frame_20250227_202937_834848.jpg,0.800000
images/frame_20250227_202938_000971.jpg,0.800000
images/frame_20250227_202938_300690.jpg,0.800000
images/frame_20250227_202938_368210.jpg,0.800000
images/frame_20250227_202938_500445.jpg,0.800000
images/frame_20250227_202938_634571.jpg,0.800000
images/frame_20250227_202938_835070.jpg,0.800000
images/frame_20250227_202939_001688.jpg,0.800000
images/frame_20250227_202939_168056.jpg,0.800000
images/frame_20250227_202940_467687.jpg,0.500000
images/frame_20250227_202940_634521.jpg,0.500000
images/frame_20250227_202940_837385.jpg,0.500000
images/frame_20250227_202940_933001.jpg,0.500000
images/frame_20250227_202942_700943.jpg,0.000000
images/frame_20250227_202942_867449.jpg,0.000000
images/frame_20250227_202943_134017.jpg,0.000000
images/frame_20250227_202943_234568.jpg,0.000000
images/frame_20250227_202943_433656.jpg,0.000000
images/frame_20250227_202943_600269.jpg,0.000000
images/frame_20250227_202943_767440.jpg,0.000000
images/frame_20250227_202943_900959.jpg,0.000000
images/frame_20250227_202944_066730.jpg,0.000000
images/frame_20250227_202944_167024.jpg,0.000000
images/frame_20250227_202944_332423.jpg,0.000000
images/frame_20250227_202944_467173.jpg,0.000000
images/frame_20250227_202944_667467.jpg,0.000000
images/frame_20250227_202944_835183.jpg,0.000000
images/frame_20250227_202944_967162.jpg,0.000000
images/frame_20250227_202945_167054.jpg,0.000000
images/frame_20250227_202945_333293.jpg,0.000000
images/frame_20250227_202945_470369.jpg,0.000000
images/frame_20250227_202945_600074.jpg,0.000000
images/frame_20250227_202945_800645.jpg,0.000000
images/frame_20250227_202945_968348.jpg,0.000000
images/frame_20250227_202946_133176.jpg,0.000000
images/frame_20250227_202946_301695.jpg,0.000000
images/frame_20250227_202946_498544.jpg,0.000000
images/frame_20250227_202946_633622.jpg,0.000000
images/frame_20250227_202946_798562.jpg,0.000000
images/frame_20250227_202946_898929.jpg,0.000000
images/frame_20250227_202947_066352.jpg,0.000000
images/frame_20250227_202947_234375.jpg,0.000000
images/frame_20250227_202947_432548.jpg,0.000000
images/frame_20250227_202947_566264.jpg,0.000000
images/frame_20250227_202947_733292.jpg,0.000000
images/frame_20250227_202947_866294.jpg,0.000000
images/frame_20250227_202948_035033.jpg,0.000000
images/frame_20250227_202948_165092.jpg,0.000000
images/frame_20250227_202948_400096.jpg,0.000000
images/frame_20250227_202948_533007.jpg,0.000000
images/frame_20250227_202948_699986.jpg,0.000000
images/frame_20250227_202948_998258.jpg,0.000000
